{
  "run_id": "20251129T170441Z",
  "counters": {
    "runs.started": 1,
    "insights.generated": 44,
    "insights.validated": 11,
    "creatives.generated": 11
  },
  "timings": {
    "planner.latency": 0.001112222671508789,
    "data.latency": 0.0589902400970459,
    "insight.latency": 0.001016378402709961,
    "evaluator.latency": 0.0,
    "creative.latency": 0.0014328956604003906,
    "report.latency": 0.0
  },
  "gauges": {
    "hypotheses.count": 44,
    "insights.validated": 11,
    "creatives.generated": 11
  },
  "timestamp": 1764435881.7555811
}