{
  "run_id": "20251129T151817Z",
  "counters": {
    "runs.started": 1,
    "insights.generated": 9,
    "insights.validated": 2,
    "creatives.generated": 2
  },
  "timings": {
    "planner.latency": 0.0,
    "data.latency": 0.12112164497375488,
    "insight.latency": 0.002019643783569336,
    "evaluator.latency": 0.0029964447021484375,
    "creative.latency": 0.0017380714416503906,
    "report.latency": 0.002025127410888672
  },
  "gauges": {
    "hypotheses.count": 9,
    "insights.validated": 2,
    "creatives.generated": 2
  },
  "timestamp": 1764429497.3003469
}